iter	MultiClass
0	2.339191316
1	2.284993452
2	2.239385795
3	2.193188956
4	2.151781192
5	2.113560676
6	2.07992767
7	2.047249324
8	2.015182024
9	1.986213741
